{
  "cost_ratios": {
    "1:5": 0.15364290456686241,
    "1:10": 0.15364290456686241,
    "1:20": 0.15452181939963588
  },
  "validation_metrics": {
    "threshold": 0.15364290456686241,
    "precision": 0.4397152887991151,
    "recall": 0.9618641838935353,
    "f1_score": 0.6035282274700068,
    "confusion_matrix": {
      "TP": 18286,
      "FP": 23300,
      "FN": 725,
      "TN": 435744
    }
  }
}